type,n,mean_delta_days,std_delta_days,rmse_days
Actual,33,-502.6969696969697,799.8364475335131,934.3749652883342
Planned,36,-614.3333333333334,1009.1734949240112,1169.4215806685513
